SYMBOL,HIGH,LOW,DAILY RANGE
20MICRONS,36.3,35,1.2999992
21STCENMGM,14.8,14.4,0.40000057
3IINFOTECH,2.4,2.25,0.1500001
3MINDIA,22587.95,22055.15,532.7988
3PLAND,7.1,6.5,0.5999999
5PAISA,197,176,21.0
63MOONS,110,106.3,3.699997
762GS2039,92,92,0.0
A2ZINFRA,7.2,7.1,0.099999905
AAKASH,67.5,67,0.5
AARON,49.45,49.45,0.0
AARTIDRUGS,641.8,608,33.799988
AARTIIND,999,908.3,90.70001
AARVEEDEN,14.45,13.65,0.8000002
AAVAS,1995,1949.15,45.849976
ABAN,26.5,25.55,0.95000076
ABB,1355.15,1331,24.150024
ABBOTINDIA,12729,12620.15,108.84961
ABCAPITAL,104.6,101.25,3.3499985
ABFRL,232,227.1,4.899994
ABSLBANETF,308,308,0.0
ACC,1574,1545.2,28.800049
ACCELYA,1118,1067.1,50.900024
ACE,89.3,86.6,2.7000046
ADANIENT,238.35,231,7.350006
ADANIGAS,174.45,168.5,5.949997
ADANIGREEN,191,185.05,5.949997
ADANIPORTS,387.75,373.75,14.0
ADANIPOWER,65.1,63.85,1.25
ADANITRANS,329.05,321,8.049988
ADFFOODS,302,295,7.0
ADHUNIKIND,40.5,38.7,1.7999992
ADLABS,4.1,3.85,0.25
ADORWELD,334,324,10.0
ADROITINFO,6.5,6,0.5
ADSL,23.2,23.05,0.15000153
ADVANIHOTR,57.7,53.65,4.049999
ADVENZYMES,175.3,172.1,3.199997
AEGISCHEM,211.2,207.5,3.699997
AFFLE,1735,1615.95,119.05005
AGARIND,87.75,83.75,4.0
AGCNET,221.65,221.65,0.0
AGRITECH,46.5,45,1.5
AGROPHOS,26.15,26.15,0.0
AHLEAST,184.95,179.5,5.449997
AHLUCONT,318,307.4,10.600006
AHLWEST,364.9,345,19.899994
AIAENG,1835.95,1728.9,107.04993
AIONJSW,15.1,14.5,0.6000004
AIRAN,14.45,13.25,1.1999998
AJANTPHARM,1174.4,1137.65,36.75
AJMERA,150.05,146.3,3.75
AKASH,89.5,83,6.5
AKSHARCHEM,254.5,249,5.5
AKSHOPTFBR,8.35,7.8,0.5500002
AKZOINDIA,2131.1,2002,129.1001
ALANKIT,14.5,14.05,0.4499998
ALBERTDAVD,534.7,513.5,21.200012
ALBK,18.55,18.2,0.34999847
ALCHEM,1.75,1.65,0.100000024
ALEMBICLTD,64.25,57.9,6.3499985
ALICON,424.8,400.5,24.299988
ALKALI,54.3,45,9.299999
ALKEM,2349,2252.15,96.8501
ALKYLAMINE,1349.9,1317,32.900024
ALLCARGO,119.7,116.1,3.5999985
ALLSEC,287.4,281.1,6.299988
ALMONDZ,16.5,15.75,0.75
ALOKTEXT,3.35,3.1,0.25
ALPA,21.55,20.25,1.2999992
ALPHAGEO,213.85,200,13.850006
ALPSINDUS,1.25,1.2,0.049999952
AMARAJABAT,804,792,12.0
AMBER,1585,1478,107.0
AMBIKCO,847.45,831,16.450012
AMBUJACEM,218.25,213.25,5.0
AMDIND,18.55,15.75,2.7999992
AMJLAND,22.2,20.8,1.4000015
AMRUTANJAN,465,446.35,18.649994
ANANTRAJ,35.85,35.05,0.79999924
ANDHRABANK,16.9,16.75,0.14999962
ANDHRACEMT,2.45,2.3,0.1500001
ANDHRSUGAR,344,326.95,17.049988
ANDPAPER,312,301,11.0
ANIKINDS,11,10,1.0
ANKITMETAL,0.5,0.4,0.099999994
ANSALAPI,5.3,5.1,0.20000029
ANSALHSG,5.8,5.4,0.4000001
ANTGRAPHIC,0.65,0.6,0.049999952
ANUP,630,581.9,48.099976
APARINDS,403,396.55,6.450012
APCL,167.8,160,7.800003
APCOTEXIND,165.9,160.5,5.399994
APEX,372,360.3,11.700012
APLAPOLLO,2078,2045.5,32.5
APLLTD,644,630.05,13.950012
APOLLO,79.4,75.75,3.6500015
APOLLOHOSP,1694.95,1671.05,23.899902
APOLLOPIPE,418,400,18.0
APOLLOTYRE,175.8,173.5,2.300003
APOLSINHOT,765,754,11.0
APTECHT,183.3,148,35.300003
ARCHIDPLY,32.4,30.55,1.8500023
ARCHIES,17.75,17.3,0.45000076
ARCOTECH,2.15,1.95,0.20000005
ARIES,75.8,74,1.800003
ARIHANT,23.85,23,0.8500004
ARIHANTSUP,31.65,29.45,2.1999989
ARMANFIN,750,731.55,18.450012
AROGRANITE,38.2,36.2,2.0
ARROWGREEN,51.75,50.5,1.25
ARROWTEX,9.7,9.5,0.19999981
ARSHIYA,17.8,16.65,1.1499996
ARSSINFRA,21.3,20.25,1.0499992
ARTEMISMED,261.25,261.25,0.0
ARVIND,43.1,42.3,0.79999924
ARVINDFASN,400,392,8.0
ARVSMART,93.95,91,2.949997
ASAHIINDIA,252,245.85,6.149994
ASAHISONG,156,149.15,6.850006
ASAL,33.45,32.6,0.8500023
ASCOM,32.9,32.5,0.40000153
ASHAPURMIN,35.65,33.55,2.1000023
ASHIANA,115.35,110.7,4.6500015
ASHIMASYN,8.15,7.6,0.5499997
ASHOKA,116.9,114.2,2.7000046
ASHOKLEY,85.6,84.3,1.2999954
ASIANHOTNR,88.95,83,5.949997
ASIANPAINT,1803.85,1781,22.849976
ASIANTILES,217.35,209.35,8.0
ASPINWALL,159.5,148.5,11.0
ASTEC,495,479.7,15.299988
ASTERDM,170,163.1,6.899994
ASTRAL,1245,1176.05,68.94995
ASTRAMICRO,102,93,9.0
ASTRAZEN,2725,2641.3,83.69995
ASTRON,39.6,38.5,1.0999985
ATFL,722.95,699.45,23.5
ATLANTA,6.3,6,0.3000002
ATLASCYCLE,51.05,49.05,2.0
ATUL,5018,4881.7,136.2998
ATULAUTO,270,256.5,13.5
AUBANK,1069,1033,36.0
AURIONPRO,59.4,57.15,2.25
AUROPHARMA,511.15,503.25,7.899994
AUSOMENT,39.05,35.55,3.5
AUTOAXLES,887,867.2,19.799988
AUTOIND,25,24.3,0.70000076
AUTOLITIND,26.5,24.15,2.3500004
AVADHSUGAR,314.35,298,16.350006
AVANTIFEED,681.9,664.1,17.800049
AVG,82,82,0.0
AVROIND,54.8,54.8,0.0
AVTNPL,38.25,36.5,1.75
AXISBANK,745.5,733.55,11.950012
AXISCADES,73.5,67.6,5.9000015
AXISGOLD,3538,3501.35,36.649902
AXISNIFTY,1258.52,1244.93,13.589966
AYMSYNTEX,35.2,33.15,2.0499992
BAGFILMS,1.9,1.8,0.100000024
BAJAJ-AUTO,3099,3060,39.0
BAJAJCON,232.5,226.5,6.0
BAJAJELEC,392,380.65,11.350006
BAJAJFINSV,9929,9649,280.0
BAJAJHIND,6.7,6.4,0.2999997
BAJAJHLDNG,3428,3260,168.0
BAJFINANCE,4444,4215.1,228.8999
BALAJITELE,56,52.7,3.2999992
BALAMINES,476.3,463.05,13.25
BALAXI,79,69.9,9.099998
BALKRISHNA,18.25,17.7,0.54999924
BALKRISIND,1103,1075.8,27.199951
BALLARPUR,0.6,0.55,0.050000012
BALMLAWRIE,124.4,117.3,7.0999985
BALPHARMA,50.9,48,2.9000015
BALRAMCHIN,175.8,168.4,7.400009
BANARBEADS,34.9,33.25,1.6500015
BANARISUG,1515,1463.45,51.55005
BANCOINDIA,104.85,103,1.8499985
BANDHANBNK,466,445.25,20.75
BANG,23.95,22.15,1.8000011
BANKBARODA,94.2,93.35,0.8499985
BANKBEES,316.9,314.55,2.350006
BANKINDIA,67.2,66.2,1.0
BANSWRAS,124,116.8,7.199997
BARTRONICS,1.3,1.3,0.0
BASF,1020.85,996,24.849976
BASML,144,132.1,11.899994
BATAINDIA,1860,1822,38.0
BAYERCROP,4150,4090,60.0
BBL,860,850,10.0
BBTC,1203.8,1170.15,33.650024
BCG,4.95,4.55,0.39999962
BCP,22.4,20.9,1.5
BDL,310.95,296,14.950012
BEARDSELL,9.25,8.6,0.6499996
BEDMUTHA,16.5,15.8,0.6999998
BEL,101.15,99.7,1.4500046
BEML,999.8,985,14.799988
BEPL,54.9,52.05,2.8500023
BERGEPAINT,574.85,560.75,14.099976
BETA,74.35,70.1,4.25
BFINVEST,325.05,316.65,8.399994
BFUTILITIE,327.5,307.35,20.149994
BGLOBAL,1.4,1.4,0.0
BGRENERGY,42.1,39,3.0999985
BHAGERIA,117.95,114.05,3.899994
BHAGYANGR,22.45,21.3,1.1500015
BHAGYAPROP,23.75,22.8,0.95000076
BHANDARI,1.25,1.15,0.100000024
BHARATFORG,512.7,499.8,12.900024
BHARATGEAR,67.65,65.05,2.5999985
BHARATRAS,6680,6444,236.0
BHARATWIRE,28.9,27.05,1.8500004
BHARTIARTL,501.4,488.25,13.149994
BHEL,45.1,43.6,1.5
BIGBLOC,38,37.75,0.25
BIL,182.55,172.1,10.449997
BILENERGY,0.95,0.9,0.050000012
BINDALAGRO,16,14.65,1.3500004
BIOCON,303.9,289,14.899994
BIOFILCHEM,12.45,11.6,0.8499994
BIRLACABLE,59.5,57.9,1.5999985
BIRLACORPN,770,728,42.0
BIRLAMONEY,35.7,34.8,0.9000015
BKMINDST,0.55,0.5,0.050000012
BLBLIMITED,5.1,4.7,0.4000001
BLISSGVS,144.85,142.5,2.350006
BLKASHYAP,9.4,9.05,0.34999943
BLS,68.7,66.5,2.199997
BLUEBLENDS,0.75,0.7,0.050000012
BLUEDART,2784,2602,182.0
BLUESTARCO,887.55,832.05,55.5
BODALCHEM,74.75,73.15,1.5999985
BOHRA,1.3,1.3,0.0
BOMDYEING,98.4,91.2,7.2000046
BOROSIL,179.8,173.5,6.300003
BOSCHLTD,14886.95,14665.45,221.5
BPCL,486.9,476.65,10.25
BPL,22.5,22,0.5
BRFL,4.25,4,0.25
BRIGADE,233.6,226.6,7.0
BRITANNIA,3245.5,3190.05,55.44995
BRITANNIA,31.98,31.66,0.3199997
BRNL,72.4,67,5.4000015
BROOKS,41.7,39.05,2.6500015
BSE,545.95,537.25,8.700012
BSELINFRA,1.1,1.05,0.05000007
BSHSL,109.5,107,2.5
BSL,37.15,34.8,2.3500023
BSLGOLDETF,3738,3643.3,94.69995
BSOFT,72.5,71.3,1.199997
BURNPUR,1.25,1.15,0.100000024
BUTTERFLY,264,251,13.0
BVCL,13.05,12.85,0.19999981
BYKE,21.9,20.5,1.3999996
CADILAHC,275.85,271,4.850006
CADSYS,32.9,32.9,0.0
CALSOFT,15.2,14.15,1.0500002
CAMLINFINE,83.9,79.3,4.5999985
CANBK,207.9,203.55,4.349991
CANDC,2.2,2,0.20000005
CANFINHOME,495.8,472.65,23.149994
CANTABIL,270.85,262.3,8.550018
CAPACITE,199.7,194.1,5.599991
CAPLIPOINT,293.5,286.5,7.0
CAPTRUST,160,147.05,12.949997
CARBORUNIV,350,342.1,7.899994
CAREERP,127.9,123,4.9000015
CARERATING,680,663.1,16.900024
CASTEXTECH,0.4,0.35,0.050000012
CASTROLIND,136.65,133.55,3.0999908
CCHHL,3.2,3,0.20000005
CCL,215,195.35,19.649994
CDSL,274.8,269,5.799988
CEATLTD,1007,993.2,13.799988
CEBBCO,16,15.1,0.8999996
CELEBRITY,6.3,6.05,0.25
CELESTIAL,2.9,2.85,0.05000019
CENTENKA,201.95,195.5,6.449997
CENTEXT,3.2,3.05,0.1500001
CENTRALBK,20,19,1.0
CENTRUM,22.9,21.6,1.2999992
CENTUM,414.95,395.5,19.450012
CENTURYPLY,172.65,169.25,3.399994
CENTURYTEX,627.5,605.05,22.450012
CERA,2697.95,2678.45,19.5
CEREBRAINT,31.1,31.1,0.0
CESC,746.4,734.8,11.600037
CESCVENT,340.1,331.05,9.050018
CGCL,192.9,186.05,6.849991
CGPOWER,10.65,10.15,0.5
CHALET,336.05,330,6.049988
CHAMBLFERT,181.7,175.05,6.649994
CHEMBOND,236,223.55,12.449997
CHEMFAB,192.85,183.05,9.800003
CHENNPETRO,138.6,132.6,6.0
CHOLAFIN,333.75,324,9.75
CHOLAHLDNG,563,540.05,22.950012
CHROMATIC,0.6,0.5,0.100000024
CIGNITITEC,273.3,264.4,8.899994
CIMMCO,25.25,23.5,1.75
CINELINE,39,37.5,1.5
CINEVISTA,7.7,7.3,0.39999962
CIPLA,467.4,460.35,7.049988
CKFSL,0.45,0.4,0.049999982
CLEDUCATE,77.95,73.4,4.5499954
CLNINDIA,409.25,401,8.25
CMICABLES,47.7,45.1,2.6000023
CMMIPL,6.7,6.7,0.0
CNOVAPETRO,7.5,7.1,0.4000001
COALINDIA,193,188,5.0
COCHINSHIP,400.05,384.1,15.949982
COFFEEDAY,31.55,29.05,2.5
COLPAL,1503,1480.25,22.75
COMPINFO,19.25,17.35,1.8999996
COMPUSOFT,7.4,7.2,0.20000029
CONCOR,581.9,570.45,11.450012
CONFIPET,30.1,26.5,3.6000004
CONSOFINVT,37.55,36.45,1.0999985
CONTI,74.7,72.5,2.199997
CONTROLPR,276.85,252.55,24.300003
CORALFINAC,11,10.6,0.39999962
CORDSCABLE,53,47.7,5.299999
COROMANDEL,624,612.3,11.700012
CORPBANK,23.75,23.5,0.25
COSMOFILMS,281.25,276.5,4.75
COUNCODOS,1.65,1.55,0.100000024
COX&KINGS,1.1,1.05,0.05000007
CPSEETF,21.77,21.47,0.30000114
CREATIVE,108,100.2,7.800003
CREATIVEYE,1.65,1.65,0.0
CREDITACC,882.4,851,31.400024
CREST,106.1,97.35,8.75
CRISIL,1774.8,1711,63.80005
CROMPTON,263.3,255,8.299988
CSBBANK,197,190,7.0
CTE,26.9,25.25,1.6499996
CUB,243.05,235.8,7.25
CUBEXTUB,13,12.8,0.19999981
CUMMINSIND,652.8,594,58.799988
CUPID,235,227,8.0
CYBERMEDIA,2.05,2.05,0.0
CYBERTECH,46.35,45.25,1.0999985
CYIENT,499,487.15,11.850006
DAAWAT,29.15,28.1,1.0499992
DABUR,495.5,488.7,6.799988
DALBHARAT,919,860.05,58.950012
DALMIASUG,124.3,120,4.300003
DAMODARIND,31.85,30.5,1.3500004
DANGEE,132.25,132.25,0.0
DATAMATICS,81.9,78.2,3.7000046
DBCORP,142.35,139.8,2.550003
DBL,413.9,404,9.899994
DBREALTY,11.1,10.55,0.5500002
DBSTOCKBRO,10.45,10.45,0.0
DCAL,85.2,79.8,5.399994
DCBBANK,181,174,7.0
DCM,23.5,21.75,1.75
DCMFINSERV,0.85,0.85,0.0
DCMNVL,37.45,35.05,2.4000015
DCMSHRIRAM,394.15,375.1,19.049988
DCW,16.3,15.7,0.5999994
DECCANCE,342,331.5,10.5
DEEPAKFERT,118.4,112.05,6.3499985
DEEPAKNTR,404.7,397.35,7.350006
DEEPIND,118,114.95,3.050003
DELTACORP,188.75,183.7,5.050003
DELTAMAGNT,38.8,36.1,2.7000008
DEN,55.3,51.85,3.4500008
DENORA,235.5,226,9.5
DEVIT,75.55,73.45,2.100006
DFMFOODS,329.9,301,28.899994
DGCONTENT,5.65,5.45,0.20000029
DHAMPURSUG,219.8,208.45,11.350006
DHANBANK,15.35,14.8,0.5500002
DHANUKA,558,506.15,51.850006
DHARSUGAR,7.85,7.3,0.5499997
DHFL,15.15,14.3,0.8499994
DHFL,189.9,189.9,0.0
DHFL,220,210,10.0
DHFL,215,200,15.0
DHFL,242,241,1.0
DHFL,210,195,15.0
DHFL,249.26,224.2,25.059998
DHFL,234,232,2.0
DHFL,190.1,190,0.1000061
DHFL,255.8,252.8,3.0
DHFL,200,200,0.0
DHUNINV,263.9,240,23.899994
DIAMONDYD,843.95,820.3,23.650024
DIAPOWER,0.65,0.55,0.099999964
DICIND,360.6,335.85,24.75
DIGISPICE,5.35,5,0.3499999
DIGJAMLTD,1,0.9,0.100000024
DISHTV,14.95,13.6,1.3499994
DIVISLAB,1994.4,1936.05,58.349976
DIXON,4489.95,4242.4,247.5503
DLF,261.8,256.65,5.149994
DLINKINDIA,121,117.5,3.5
DMART,1984.25,1928,56.25
DNAMEDIA,0.45,0.4,0.049999982
DOLAT,57,54.3,2.7000008
DOLLAR,153.15,146.05,7.099991
DONEAR,31.6,30.1,1.5
DPSCLTD,8.25,7.7,0.5500002
DPWIRES,90.5,86.1,4.4000015
DQE,1.15,1.15,0.0
DREDGECORP,336.35,327.65,8.700012
DRREDDY,3201.85,3099.2,102.65015
DSML,5.3,5.25,0.05000019
DSSL,26.6,25,1.6000004
DTIL,185.5,181.3,4.199997
DUCON,5.05,4.75,0.3000002
DVL,72.5,69.85,2.6500015
DWARKESH,39.4,36.9,2.5
DYNAMATECH,1014.7,952,62.700012
DYNPRO,161,154.05,6.949997
E2E,22.45,22.45,0.0
EASTSILK,1,0.9,0.100000024
EASUNREYRL,2.9,2.75,0.1500001
EBBETF0423,1006,1005.11,0.89001465
EBBETF0430,1006.84,1005.02,1.8200073
EC2RG,6.6,6.45,0.1500001
ECLERX,676.1,661,15.099976
ECLFINANCE,1010,997.5,12.5
ECLFINANCE,1947,1920,27.0
ECLFINANCE,1010,1004,6.0
ECLFINANCE,1075,1065,10.0
ECLFINANCE,1640,1610,30.0
ECLFINANCE,1085,1074,11.0
ECLFINANCE,990,933,57.0
ECLFINANCE,935.9,851,84.900024
ECLFINANCE,1039.9,1039.9,0.0
ECLFINANCE,929,929,0.0
ECLFINANCE,875,875,0.0
ECLFINANCE,860,860,0.0
ECLFINANCE,940,940,0.0
ECLFINANCE,1080,970,110.0
ECLFINANCE,948.98,935,13.97998
ECLFINANCE,921,915,6.0
ECLFINANCE,989,950,39.0
ECLFINANCE,975,951,24.0
EDELWEISS,101.4,97.1,4.300003
EDL,4,3.8,0.20000005
EDUCOMP,1.15,1.05,0.100000024
EHFLNCD,888,884.99,3.0100098
EICHERMOT,21236,20100,1136.0
EIDPARRY,230,224.1,5.899994
EIFFL,113.5,113,0.5
EIHAHOTELS,307.95,300.4,7.5500183
EIHOTEL,147.4,145.15,2.25
EIMCOELECO,337.8,322.7,15.099976
EKC,29,28,1.0
ELECON,39.2,38,1.2000008
ELECTCAST,16,15.25,0.75
ELECTHERM,138.95,136.95,2.0
ELGIEQUIP,259,250.45,8.550003
ELGIRUBCO,18.65,17.85,0.79999924
EMAMILTD,325.75,317.4,8.350006
EMAMIPAP,131.05,131.05,0.0
EMAMIREAL,80.05,78.95,1.1000061
EMBASSY,423.97,416.9,7.0700073
EMCO,0.7,0.6,0.099999964
EMKAY,68.45,64.9,3.5499954
EMKAYTOOLS,110,110,0.0
EMMBI,114.85,112.45,2.4000015
EMOFSR1RDP,9.18,9.16,0.020000458
EMOFSR1RGG,9.22,9.11,0.11000061
ENDURANCE,1176.45,1116.7,59.75
ENERGYDEV,6,5.8,0.19999981
ENGINERSIN,99.4,96.5,2.9000015
ENIL,263.8,252.7,11.099991
EON,14.9,14.35,0.54999924
EQ30,346.9,336,10.899994
EQUITAS,114.75,111.45,3.300003
ERFLNCDI,1025,1007,18.0
ERFLNCDI,918.8,909,9.799988
ERFLNCDI,860,860,0.0
ERFLNCDI,888,879.99,8.01001
ERIS,546.6,501.1,45.49997
EROSMEDIA,14.6,14.25,0.35000038
ESABINDIA,1549.8,1455,94.80005
ESCORTS,755,724.2,30.799988
ESSARSHPNG,7.5,6.95,0.5500002
ESSELPACK,191.7,180.85,10.849991
ESTER,42.8,41.9,0.8999977
EUROCERA,0.5,0.45,0.050000012
EUROMULTI,0.55,0.45,0.100000024
EUROTEXIND,10.55,10.2,0.35000038
EVEREADY,55.35,54.3,1.0499992
EVERESTIND,305,286.5,18.5
EXCEL,1.15,1.05,0.100000024
EXCELINDUS,949.75,932.85,16.900024
EXIDEIND,205.3,202.1,3.199997
EXPLEOSOL,312.9,297.5,15.399994
FACT,51.3,48.6,2.7000008
FAIRCHEM,503.8,480,23.799988
FCL,30.4,29.6,0.79999924
FCONSUMER,24.6,23.9,0.70000076
FCSSOFT,0.25,0.2,0.049999997
FDC,230.5,227,3.5
FEDERALBNK,96.35,94.55,1.7999954
FEL,24.7,23.8,0.9000015
FELDVR,23.75,22.8,0.95000076
FIEMIND,498.4,487.3,11.100006
FILATEX,39.05,38.5,0.54999924
FINCABLES,414.8,400,14.799988
FINEORG,2479,2314.4,164.6001
FINPIPE,581,557.1,23.900024
FLEXITUFF,7.4,6.75,0.6500001
FLFL,416.95,411.6,5.350006
FLUOROCHEM,613,591.3,21.700012
FMGOETZE,627.85,606.7,21.149963
FMNL,27.15,24.6,2.5499992
FOCUS,32.45,32.45,0.0
FORCEMOT,1363.3,1307.15,56.150024
FORTIS,156.8,154.65,2.1500092
FOSECOIND,1630,1546.35,83.650024
FOURTHDIM,6.3,6.3,0.0
FRETAIL,341.3,329.5,11.799988
FSC,450.2,444.25,5.950012
FSL,44.45,42.3,2.1500015
GABRIEL,120.95,117.55,3.399994
GAEL,160.75,142.55,18.199997
GAIL,128.85,125.6,3.2500076
GAL,2.45,2.3,0.1500001
GALAXYSURF,1599.9,1555,44.900024
GALLANTT,31.5,28.25,3.25
GALLISPAT,26.7,26,0.70000076
GAMMNINFRA,0.4,0.35,0.050000012
GANDHITUBE,278.9,271,7.899994
GANECOS,297.5,290,7.5
GANESHHOUC,40.65,37,3.6500015
GANGESSECU,41,37.7,3.2999992
GANGOTRI,0.65,0.6,0.049999952
GARDENSILK,12.95,12.05,0.8999996
GARFIBRES,1524.4,1447,77.400024
GATI,70.4,68.25,2.1500015
GAYAHWS,0.4,0.35,0.050000012
GAYAPROJ,60.05,60.05,0.0
GDL,141.9,134.45,7.449997
GEECEE,91.85,82.8,9.049995
GEEKAYWIRE,38.5,38.5,0.0
GENESYS,64.05,62.15,1.9000015
GENUSPAPER,6.45,5.9,0.5499997
GENUSPOWER,28.8,27.65,1.1499996
GEOJITFSL,29.25,28.55,0.70000076
GEPIL,714.5,691.15,23.349976
GESHIP,327,313.8,13.200012
GET&D,169,163,6.0
GFLLIMITED,139.3,139.3,0.0
GHCL,195.55,191.7,3.850006
GICHSGFIN,154.95,152.25,2.699997
GICRE,263.75,254,9.75
GILLANDERS,33.55,31.05,2.5
GILLETTE,6295.25,6260,35.25
GINNIFILA,9.15,8.6,0.54999924
GIPCL,82.5,79.7,2.800003
GKWLIMITED,694.95,686.55,8.400024
GLAXO,1748,1684.7,63.30005
GLENMARK,346.2,334.45,11.75
GLFL,0.65,0.65,0.0
GLOBALVECT,63.2,58.6,4.6000023
GLOBOFFS,5.1,4.8,0.2999997
GLOBUSSPR,144.8,136,8.800003
GMBREW,419.1,407,12.100006
GMDCLTD,64.9,63.5,1.4000015
GMMPFAUDLR,2595,2522,73.0
GMRINFRA,24.05,23.7,0.34999847
GNA,259.8,253.2,6.599991
GNFC,208,201.45,6.550003
GOACARBON,317.7,307.45,10.25
GOCLCORP,288.95,281.1,7.850006
GODFRYPHLP,1397,1235,162.0
GODREJAGRO,579,563.85,15.150024
GODREJCP,754,719.25,34.75
GODREJIND,441.9,425.85,16.049988
GODREJPROP,1111.95,1070,41.94995
GOENKA,0.3,0.25,0.050000012
GOKEX,69.9,67.2,2.7000046
GOKUL,10.95,10.3,0.6499996
GOKULAGRO,14,12.85,1.1499996
GOLDBEES,36,35,1.0
GOLDENTOBC,28,27.05,0.95000076
GOLDIAM,159.9,151,8.899994
GOLDSHARE,3584,3533,51.0
GOLDTECH,9.8,8.75,1.0500002
GOODLUCK,53.5,51.6,1.9000015
GPIL,226.2,215.2,11.0
GPPL,92,89.4,2.5999985
GPTINFRA,38.25,36.6,1.6500015
GRANULES,155.05,151.2,3.850006
GRAPHITE,309,303,6.0
GRASIM,822.85,800,22.849976
GRAVITA,63.15,58.45,4.700001
GREAVESCOT,143,137.05,5.949997
GREENLAM,954.5,922.05,32.450012
GREENPANEL,55.9,54.55,1.3500023
GREENPLY,164.4,160.2,4.199997
GREENPOWER,2,1.9,0.100000024
GRINDWELL,656.2,633.35,22.850037
GROBTEA,470,450,20.0
GRPLTD,889.95,821,68.95001
GRSE,219.4,211.95,7.449997
GSCLCEMENT,23.8,23,0.79999924
GSFC,94.65,91.9,2.75
GSKCONS,9006.85,8915,91.84961
GSPL,263.8,259,4.799988
GSS,46.8,43.95,2.8499985
GTL,1.5,1.4,0.100000024
GTLINFRA,0.45,0.35,0.099999994
GTNIND,7.9,7.05,0.8499999
GTNTEX,6.55,6.55,0.0
GTPL,74.5,73,1.5
GUFICBIO,65,61.25,3.75
GUJALKALI,418,404,14.0
GUJAPOLLO,130,126.1,3.9000015
GUJGASLTD,298.8,288.1,10.699982
GUJRAFFIA,11.35,11.35,0.0
GULFOILLUB,820.05,810,10.049988
GULFPETRO,53,48.75,4.25
GULPOLY,52.85,47.95,4.8999977
GVKPIL,4.8,4.55,0.25
HAL,845.5,811.3,34.200012
HARITASEAT,518.95,501.05,17.900024
HARRMALAYA,64.8,62.85,1.9500046
HATHWAY,19.95,19.45,0.5
HATSUN,636.2,617,19.200012
HAVELLS,621.05,611.45,9.599976
HAVISHA,0.8,0.75,0.050000012
HBLPOWER,19.05,18.6,0.44999886
HCC,11.7,11.25,0.4499998
HCG,123.45,115.1,8.349998
HCL-INSYS,7.5,7.25,0.25
HCLTECH,611.5,602.2,9.299988
HDFC,2447.5,2400,47.5
HDFCAMC,3205,3163,42.0
HDFCBANK,1242,1222.25,19.75
HDFCLIFE,611,602.25,8.75
HDFCMFGETF,3635,3611,24.0
HDFCNIFETF,1278.86,1268.7,10.160034
HDFCSENETF,4363.55,4351.3,12.25
HDIL,2.85,2.65,0.19999981
HEG,1097,1065.15,31.849976
HEIDELBERG,202.3,198.55,3.75
HEOF1100RG,9.63,9.63,0.0
HERCULES,102.65,98.25,4.4000015
HERITGFOOD,380.15,366,14.149994
HEROMOTOCO,2510,2470,40.0
HESTERBIO,1638.95,1617,21.949951
HEXATRADEX,13.7,12.5,1.1999998
HEXAWARE,360.85,349,11.850006
HFCL,17.2,16.9,0.30000114
HGINFRA,270.5,263.65,6.850006
HGS,674.4,655.15,19.25
HHOF1140RG,8.86,8.7,0.15999985
HIKAL,133.75,129.25,4.5
HIL,1456,1420,36.0
HILTON,12.85,11.75,1.1000004
HIMATSEIDE,131.65,129.3,2.3499908
HINDALCO,200.4,197.1,3.2999878
HINDCOMPOS,221,207,14.0
HINDCOPPER,45.1,43.9,1.199997
HINDMOTORS,5.7,5.55,0.14999962
HINDNATGLS,38.25,36.8,1.4500008
HINDOILEXP,106.35,104.65,1.699997
HINDPETRO,248.25,241.35,6.899994
HINDSYNTEX,1.7,1.7,0.0
HINDUNILVR,2085.8,2062.05,23.75
HINDZINC,202.75,198,4.75
HIRECT,260.25,243.15,17.100006
HISARMETAL,66,60.15,5.8499985
HITECH,196,184,12.0
HITECHCORP,93,82.25,10.75
HITECHGEAR,194.05,188.75,5.300003
HLVLTD,5.8,5.65,0.1500001
HMT,13.5,13.15,0.35000038
HMVL,81.8,75.35,6.4500046
HNDFDS,658.1,635.6,22.5
HNGSNGBEES,379.77,361,18.769989
HONAUT,28000,27639.95,360.05078
HONDAPOWER,1251.2,1193.6,57.599976
HOVS,49.55,47.8,1.75
HPIL,41.75,41.1,0.6500015
HPL,45.05,43.6,1.4500008
HSCL,68.7,67.1,1.5999985
HSIL,55.5,53.3,2.2000008
HTMEDIA,16.3,16.1,0.19999886
HUBTOWN,13.65,13.05,0.5999994
HUDCO,44.1,43.05,1.0499992
HUDCO,1220.27,1220.02,0.25
HUDCO,1118.01,1117,1.0100098
HUDCO,1099,1080,19.0
HUDCO,1125,1117.5,7.5
HUDCO,1130,1130,0.0
HUDCO,1260,1259.9,0.099975586
HUDCO,1318.99,1311,7.98999
IBMFNIFTY,121.95,117.2,4.75
IBREALEST,113,102.95,10.050003
IBUCCREDIT,865.3,865.3,0.0
IBUCCREDIT,840.6,840.6,0.0
IBUCCREDIT,830.9,830.9,0.0
IBULHSGFIN,328.4,313.7,14.699982
IBULHSGFIN,1167,1160,7.0
IBULHSGFIN,799,799,0.0
IBULHSGFIN,760,760,0.0
IBULISL,125.25,117,8.25
IBVENTURES,74.5,71.4,3.0999985
IBVENTURES,178.75,175,3.75
ICFL,955,953.1,1.9000244
ICFL,950,928,22.0
ICFL,921,921,0.0
ICFL,985,912,73.0
ICFL,925,925,0.0
ICFL,963,960,3.0
ICFL,950,925,25.0
ICFL,852.05,851,1.0499878
ICICI500,164.99,161.03,3.9600067
ICICIB22,34.2,33.71,0.49000168
ICICIBANK,534.8,525.3,9.5
ICICIBANKN,315,308.95,6.049988
ICICIBANKP,172.11,170.54,1.5700073
ICICIGI,1348.45,1322,26.449951
ICICIGOLD,36.7,35.65,1.0499992
ICICILIQ,1000,999.95,0.049987793
ICICILOVOL,93.91,93.06,0.8500061
ICICIM150,70,62.15,7.8499985
ICICIMCAP,70.3,69,1.300003
ICICINF100,132.12,130.95,1.1699982
ICICINIFTY,128.54,122.2,6.3399963
ICICINV20,58.55,57.63,0.91999817
ICICINXT50,30.27,29.14,1.1300011
ICICIPRULI,533.1,519.9,13.199951
ICICISENSX,443,437.89,5.1099854
ICIL,56,53.95,2.0499992
ICRA,2975,2880,95.0
IDBI,35.6,34.4,1.199997
IDBIGOLD,3736.4,3694,42.399902
IDEA,5.7,5.15,0.5499997
IDFC,37.1,36.8,0.29999924
IDFCFIRSTB,44.65,43.4,1.25
IDFCFIRSTB,4975,4970.9,4.1000977
IDFCFIRSTB,9940,9925,15.0
IDFCFIRSTB,5200,5200,0.0
IDFCFIRSTB,9775,9731,44.0
IDFCFIRSTB,9360,9334.01,25.990234
IDFNIFTYET,129,122.1,6.9000015
IEX,171.85,166,5.850006
IFBAGRO,448.95,421,27.950012
IFBIND,664,618,46.0
IFCI,6.5,6.4,0.099999905
IFCI,982,980,2.0
IFCI,945.09,944,1.0900269
IFCI,1475,1475,0.0
IFGLEXPOR,158,151.5,6.5
IGARASHI,331.9,315.05,16.850006
IGL,515.55,506.55,9.0
IGPL,179.4,170.1,9.299988
IIFCL,1290,1280,10.0
IIFL,172,165.4,6.600006
IIFLFIN,984.85,984.85,0.0
IIFLFIN,1088,1088,0.0
IIFLFIN,995,989.9,5.0999756
IIFLFIN,991.5,991.5,0.0
IIFLFIN,990,990,0.0
IIFLFIN,1040,1028.1,11.900024
IIFLFIN,996,996,0.0
IIFLFIN,998.1,998.1,0.0
IIFLFIN,931.1,931,0.099975586
IIFLSEC,54.5,50.55,3.9500008
IIFLWAM,1300,1272.95,27.050049
IIHFL,1013,1010.45,2.5499878
IIHFL,1952,1950,2.0
IITL,62.5,61.05,1.4500008
IL&FSENGG,1.95,1.85,0.100000024
IL&FSTRANS,1.85,1.75,0.100000024
IMFA,226.6,212.15,14.450012
IMPAL,594,575,19.0
IMPEXFERRO,0.4,0.35,0.050000012
INDBANK,8.95,8,0.9499998
INDHOTEL,142.35,139.5,2.850006
INDIACEM,88.3,86.1,2.2000046
INDIAGLYCO,301,286.4,14.600006
INDIAMART,2358.45,2320,38.44995
INDIANB,105.2,103.3,1.8999939
INDIANCARD,122.5,122,0.5
INDIANHUME,236.6,230,6.600006
INDIGO,1480.35,1436.55,43.799927
INDIGRID,94.85,94.17,0.6800003
INDLMETER,22.05,22.05,0.0
INDNIPPON,409.5,397.35,12.149994
INDOCO,235,220,15.0
INDORAMA,24,23.6,0.39999962
INDOSOLAR,0.8,0.75,0.050000012
INDOSTAR,282.4,264.15,18.25
INDOTECH,116,113.05,2.949997
INDOTHAI,24.9,24,0.8999996
INDOWIND,3.15,2.95,0.20000005
INDRAMEDCO,50.7,45.15,5.549999
INDSWFTLAB,24.35,23.8,0.55000114
INDSWFTLTD,3.65,3.4,0.25
INDTERRAIN,76.4,67,9.400002
INDUSINDBK,1276.7,1251,25.699951
INEOSSTYRO,804,765,39.0
INFIBEAM,60.4,54.9,5.5
INFOBEAN,89.75,82.15,7.5999985
INFRABEES,345,345,0.0
INFRATEL,246.9,238.35,8.549988
INFY,792.8,784.25,8.549988
INGERRAND,678,663.95,14.049988
INNOVANA,103.5,102.3,1.199997
INOXLEISUR,408.7,404.1,4.600006
INOXWIND,43.2,41.15,2.0499992
INSECTICID,589,555.15,33.849976
INSPIRISYS,39.95,37.3,2.6500015
INTEGRA,0.65,0.55,0.099999964
INTELLECT,173.45,170.5,2.949997
INTENTECH,28.95,26.1,2.8500004
INVENTURE,14.4,13.6,0.79999924
IOB,10.85,10.45,0.40000057
IOC,119.95,117.8,2.149994
IOLCP,192.7,185.3,7.399994
IPCALAB,1252.9,1223,29.900024
IRB,114.75,112,2.75
IRBINVIT,52.8,52.06,0.73999786
IRCON,495,459,36.0
IRCTC,1129.9,1063.5,66.400024
IREDA,1300,1295,5.0
IREDA,1370,1365,5.0
IRFC,1070,1069,1.0
IRFC,1157,1153.05,3.9499512
IRFC,1431.94,1431.94,0.0
IRFC,1160.01,1160.01,0.0
IRFC,1285,1263.6,21.400024
IRFC,1308,1307,1.0
IRFC,1161,1161,0.0
IRFC,1172.01,1170.6,1.4100342
IRFC,1165,1165,0.0
ISEC,479.35,464,15.350006
ISFT,82.95,81.4,1.5499954
ISMTLTD,4.5,4.25,0.25
ITC,237.65,231.15,6.5
ITDC,303.4,296.5,6.899994
ITDCEM,64.35,61.55,2.7999992
ITI,88.5,82.45,6.050003
IVC,3.45,3.35,0.10000014
IVP,53.25,51.55,1.7000008
IVZINNIFTY,1310.65,1310.65,0.0
IZMO,24.7,24,0.70000076
J&KBANK,27.9,27.3,0.6000004
JAGRAN,70.3,68.7,1.6000061
JAGSNPHARM,29.5,27.8,1.7000008
JAIBALAJI,31,26,5.0
JAICORPLTD,113.8,110.05,3.75
JAKHARIA,180,180,0.0
JALAN,4.3,4.3,0.0
JAMNAAUTO,44.5,43.55,0.95000076
JASH,138,129.2,8.800003
JAYAGROGN,128,123.3,4.699997
JAYBARMARU,243.95,236,7.949997
JAYNECOIND,4.15,3.8,0.35000014
JAYSREETEA,54.7,52.6,2.1000023
JBCHEPHARM,518.5,493,25.5
JBFIND,8.5,8.5,0.0
JBMA,262,252.45,9.550003
JCHAC,2394,2325,69.0
JETAIRWAYS,35.85,32.7,3.1499977
JHS,15.4,14.75,0.6499996
JIKIND,0.35,0.25,0.099999994
JINDALPHOT,14.5,13.15,1.3500004
JINDALPOLY,256,245.35,10.649994
JINDALSAW,95.95,93.35,2.5999985
JINDALSTEL,181,170.6,10.399994
JINDCOT,1.8,1.7,0.099999905
JINDRILL,119.8,112.4,7.4000015
JINDWORLD,64.35,60,4.3499985
JISLDVREQS,8,7.6,0.4000001
JISLJALEQS,8.15,7.7,0.4499998
JITFINFRA,9.8,9,0.8000002
JIYAECO,25.55,23.6,1.9499989
JKCEMENT,1409.05,1375,34.05005
JKIL,156.95,154,2.949997
JKLAKSHMI,388,366.25,21.75
JKPAPER,134,131.5,2.5
JKTYRE,84.4,82.25,2.1500015
JMA,28,27,1.0
JMCPROJECT,99.7,98.15,1.5499954
JMFINANCIL,106.7,102.65,4.0499954
JMTAUTOLTD,1.35,1.3,0.05000007
JOCIL,125.8,121.55,4.25
JPASSOCIAT,2.05,2,0.049999952
JPINFRATEC,1.25,1.2,0.049999952
JPOLYINVST,14.6,14,0.6000004
JPPOWER,2.1,2.05,0.049999952
JSL,43.9,42.65,1.25
JSLHISAR,78.45,76.55,1.8999939
JSWENERGY,67.9,65.7,2.2000046
JSWHL,2499.9,2346.65,153.25
JSWSTEEL,264.6,258.3,6.3000183
JSWSTEEL,1.25,1.2,0.049999952
JTEKTINDIA,88.2,85.85,2.3499985
JUBILANT,613,592.85,20.150024
JUBLFOOD,1776,1718.2,57.80005
JUBLINDS,151.35,145,6.350006
JUMPNET,54,52.5,1.5
JUNIORBEES,303,300.15,2.850006
JUSTDIAL,603.7,587.5,16.200012
JVLAGRO,0.5,0.45,0.050000012
JYOTHYLAB,160.55,154,6.550003
KABRAEXTRU,75.45,71.2,4.25
KAJARIACER,582.9,568.55,14.350037
KAKATCEM,239.75,222.5,17.25
KALPATPOWR,455,447.9,7.100006
KALYANIFRG,169.9,165.1,4.799988
KAMATHOTEL,42.9,41.2,1.7000008
KAMDHENU,96.25,92.5,3.75
KANANIIND,3.15,2.85,0.3000002
KANORICHEM,44.4,43.05,1.3500023
KANSAINER,517,512,5.0
KARDA,136.95,135,1.949997
KARMAENG,14.4,13.3,1.0999994
KARURVYSYA,52.25,49.2,3.0499992
KAUSHALYA,0.5,0.45,0.050000012
KAVVERITEL,1.9,1.9,0.0
KAYA,423.9,391.5,32.399994
KCP,69.25,66.1,3.1500015
KCPSUGIND,16.1,15.3,0.8000002
KDDL,294.8,271.7,23.099976
KEC,347.95,338.15,9.800018
KECL,18.8,18.2,0.5999985
KEI,579.9,554.5,25.400024
KELLTONTEC,19.4,17.25,2.1499996
KENNAMET,1082,1045.85,36.150024
KERNEX,19,18.05,0.95000076
KESORAMIND,55.45,54.4,1.0499992
KEYFINSERV,36.5,36.5,0.0
KGL,0.35,0.25,0.099999994
KHADIM,174.7,170.7,4.0
KHAITANLTD,20.55,19.55,1.0
KHFM,31,31,0.0
KICL,1783,1750,33.0
KILITCH,125.1,123,2.0999985
KINGFA,684.2,662.45,21.75
KIOCL,126.95,119.35,7.5999985
KIRIINDUS,392,385,7.0
KIRLFER,75.2,72.3,2.899994
KIRLOSBROS,151.6,146,5.600006
KIRLOSENG,156.35,150.65,5.700012
KIRLOSIND,690,662,28.0
KITEX,127,122.2,4.800003
KKCL,1099,960,139.0
KMSUGAR,8.95,8.5,0.4499998
KNRCON,302.5,291.6,10.899994
KOHINOOR,9.25,8.8,0.4499998
KOKUYOCMLN,84.85,80.1,4.75
KOLTEPATIL,262.9,254.2,8.699997
KOPRAN,36,34.5,1.5
KOTAKBANK,1646.2,1623.05,23.149902
KOTAKBKETF,321,316.25,4.75
KOTAKGOLD,359,354.5,4.5
KOTAKNIFTY,126.29,125.02,1.2700043
KOTAKNV20,59.37,58.31,1.0599976
KOTAKPSUBK,237,234.64,2.3600006
KOTARISUG,14.5,13.65,0.8500004
KOTHARIPET,19.5,18.3,1.2000008
KOTHARIPRO,81.4,75.8,5.5999985
KPITTECH,103.25,97,6.25
KPRMILL,702.85,679.85,23.0
KRBL,294.7,271.45,23.25
KREBSBIO,94.5,89.15,5.3499985
KRIDHANINF,2.45,2.25,0.20000005
KRISHANA,53.1,53.1,0.0
KRITIKA,34.25,34.25,0.0
KSB,749.8,723.95,25.849976
KSCL,488.75,473,15.75
KSERASERA,0.15,0.1,0.050000004
KSHITIJPOL,28,28,0.0
KSK,0.55,0.5,0.050000012
KSL,249.4,228.2,21.199997
KTKBANK,76.45,75.3,1.1499939
KUANTUM,520,507,13.0
KWALITY,2.2,2,0.20000005
L&TFH,120.5,119,1.5
L&TFINANCE,1079.9,1075,4.9000244
L&TFINANCE,1035,1035,0.0
L&TFINANCE,1070,1064.99,5.01001
L&TFINANCE,1067,1067,0.0
L&TFINANCE,1005,1002,3.0
L&TFINANCE,1011,1010,1.0
L&TFINANCE,1025,1025,0.0
L&TFINANCE,1017.45,1015,2.4500122
L&TINFRA,1027,985.1,41.900024
L&TINFRA,1945,1934,11.0
L&TINFRA,983.13,983.1,0.030029297
L&TINFRA,1891,1889.9,1.0999756
L&TINFRA,1990,1970.5,19.5
LAKPRE,2.2,2.2,0.0
LAKSHVILAS,15.9,15.45,0.4499998
LALPATHLAB,1785.8,1757,28.800049
LAMBODHARA,37.75,36.05,1.7000008
LAOPALA,194,186.15,7.850006
LASA,31.95,31.95,0.0
LAURUSLABS,440,425.3,14.700012
LAXMIMACH,3428.55,3333.1,95.44995
LEMONTREE,55.35,53.5,1.8499985
LFIC,54.85,50.05,4.799999
LGBBROSLTD,328,318.05,9.950012
LGBFORGE,3.45,3.25,0.20000005
LIBAS,49,46.9,2.0999985
LIBERTSHOE,152.4,148.5,3.899994
LICHSGFIN,465,456,9.0
LICNETFGSC,20.5,19.63,0.87000084
LICNETFN50,126,123,3.0
LICNETFSEN,509.9,490,19.899994
LICNFNHGP,127,125.1,1.9000015
LINCOLN,212,206.5,5.5
LINCPEN,240,226.1,13.899994
LINDEINDIA,792,736.65,55.349976
LIQUIDBEES,1000.01,999.25,0.76000977
LIQUIDETF,1000.01,999.99,0.020019531
LOKESHMACH,34.45,33.25,1.2000008
LOTUSEYE,29.45,26.55,2.9000015
LOVABLE,78.45,75.15,3.2999954
LPDC,1.5,1.4,0.100000024
LSIL,0.55,0.45,0.100000024
LT,1374.95,1352.1,22.849976
LTI,1965,1942.3,22.699951
LTTS,1749,1705.3,43.69995
LUMAXIND,1525,1450,75.0
LUMAXTECH,113.85,110.8,3.0499954
LUPIN,752.75,743.55,9.200012
LUXIND,1509,1445,64.0
LYKALABS,21.8,21.1,0.69999886
LYPSAGEMS,6.2,5.6,0.5999999
M&M,580.7,572.15,8.549988
M&MFIN,379.5,358.4,21.100006
M&MFIN,1069,1065,4.0
M&MFIN,1355,1355,0.0
M100,19.49,19.22,0.27000046
M17RD,5.3,5.3,0.0
M50,119.46,118.19,1.2699966
MAANALU,70.9,66.5,4.4000015
MACPOWER,60,60,0.0
MADHAV,35,31.4,3.6000004
MADHUCON,3.65,3.35,0.3000002
MADRASFERT,22.2,21.55,0.6500015
MAGADSUGAR,134.5,125.7,8.800003
MAGMA,62.6,60.1,2.5
MAGNUM,3.55,3.4,0.14999986
MAHABANK,13.1,12.85,0.25
MAHAPEXLTD,99.75,91.15,8.599998
MAHASTEEL,99.9,92.1,7.800003
MAHESHWARI,302,270.2,31.799988
MAHICKRA,89.2,89.2,0.0
MAHINDCIE,179.45,173.2,6.25
MAHLIFE,408.75,400,8.75
MAHLOG,425,414.6,10.399994
MAHSCOOTER,4450,4280,170.0
MAHSEAMLES,398.95,392.5,6.450012
MAITHANALL,573.45,550,23.450012
MAJESCO,414.25,404.05,10.200012
MALUPAPER,36.5,34.15,2.3499985
MAN50ETF,123.3,122.65,0.6500015
MANAKALUCO,4.8,4.5,0.3000002
MANAKCOAT,4.3,4.1,0.20000029
MANAKSIA,35.6,34.25,1.3499985
MANAKSTEEL,12.3,11.65,0.6500006
MANALIPETC,22,21.35,0.6499996
MANAPPURAM,194.8,185.7,9.100006
MANGALAM,35.4,33.5,1.9000015
MANGCHEFER,34.95,33.9,1.0499992
MANGLMCEM,304.5,294.95,9.549988
MANGTIMBER,10.5,10,0.5
MANINDS,53.45,52.5,0.95000076
MANINFRA,31,30.1,0.8999996
MANUGRAPH,15.35,14.6,0.75
MARALOVER,16.1,15.75,0.35000038
MARATHON,104.6,97.65,6.949997
MARICO,347.35,336.05,11.300018
MARINE,100.6,99.8,0.7999954
MARKSANS,20.35,18.95,1.3999996
MARSHALL,15.5,15.5,0.0
MARUTI,7116.25,6975,141.25
MASFIN,932,911.55,20.450012
MASTEK,448.4,417.15,31.25
MATRIMONY,479.85,468,11.850006
MAWANASUG,42.5,39.9,2.5999985
MAXINDIA,90.45,87.6,2.8499985
MAXVIL,54.6,52.8,1.7999992
MAYURUNIQ,245,239.7,5.300003
MAZDA,468,453,15.0
MBECL,4.6,4.35,0.25
MBLINFRA,4.3,4.05,0.25
MCDHOLDING,31.7,29.25,2.4500008
MCDOWELL-N,657.4,629.4,28.0
MCL,115.5,110.1,5.4000015
MCLEODRUSS,4.8,4.7,0.10000038
MCX,1398.15,1370,28.150024
MEGASOFT,7.7,7.4,0.2999997
MEGH,65.85,57.6,8.25
MELSTAR,3.9,3.9,0.0
MENONBE,59.9,58.05,1.8500023
MEP,39,38,1.0
MERCATOR,0.85,0.8,0.050000012
METALFORGE,5.75,5.75,0.0
METKORE,0.3,0.25,0.050000012
METROPOLIS,1710,1662.25,47.75
MFSL,517.55,508.05,9.5
MGEL,52.9,52.9,0.0
MGL,1245,1220,25.0
MHHL,21.25,21.25,0.0
MHRIL,238.95,235,3.949997
MIC,0.6,0.55,0.050000012
MIDHANI,172,166.1,5.899994
MILTON,10,10,0.0
MINDACORP,107,103.1,3.9000015
MINDAIND,420,402.9,17.100006
MINDPOOL,15,15,0.0
MINDTECK,29.05,27.95,1.0999985
MINDTREE,888.8,879,9.799988
MIRCELECTR,10.05,9.45,0.6000004
MIRZAINT,60.45,58.5,1.9500008
MMFL,439,427.85,11.149994
MMP,117,107,10.0
MMTC,21.7,21.1,0.6000004
MODIRUBBER,29.4,28.35,1.0499992
MOHITIND,3.55,3.5,0.049999952
MOHOTAIND,11.7,10.95,0.75
MOIL,157.4,148.55,8.849991
MOLDTECH,50.95,49.35,1.6000023
MOLDTKPAC,279.5,275.55,3.9500122
MONTECARLO,289,282.45,6.549988
MORARJEE,16.7,15.65,1.0500011
MOREPENLAB,15.65,15,0.6499996
MOTHERSUMI,142.65,139.7,2.949997
MOTILALOFS,834.8,805.55,29.25
MOTOGENFIN,34,32.5,1.5
MPHASIS,949.7,930.3,19.400024
MPSLTD,490.15,476.35,13.799988
MRF,70600,70000,600.0
MRPL,46.75,46,0.75
MSPL,6.4,5.9,0.5
MSTCLTD,135.4,124.6,10.799995
MTEDUCARE,16.4,15.45,0.9499998
MTNL,11.45,11,0.4499998
MUKANDENGG,12.9,12.35,0.54999924
MUKANDLTD,31.4,30.5,0.8999996
MUKANDLTD,5.65,5.3,0.3499999
MUKTAARTS,39.8,39,0.79999924
MUNJALAU,49.8,48.05,1.75
MUNJALSHOW,134.85,127.5,7.350006
MURUDCERA,20.8,19.65,1.1499996
MUTHOOTCAP,594,581.6,12.400024
MUTHOOTFIN,769.45,757.7,11.75
N100,647.99,640.1,7.8900146
NABARD,1202,1200.19,1.8100586
NACLIND,32,30.9,1.1000004
NAGAFERT,5.15,4.85,0.3000002
NAGREEKCAP,7.1,7.1,0.0
NAGREEKEXP,16.55,15.55,0.99999905
NAHARCAP,78.4,74.75,3.6500015
NAHARINDUS,28.75,27.1,1.6499996
NAHARPOLY,38.5,37,1.5
NAHARSPING,46.85,46,0.8499985
NAM-INDIA,369.9,361.1,8.799988
NARMADA,25.2,25.2,0.0
NATCOPHARM,654,636.5,17.5
NATHBIOGEN,363.7,341.2,22.5
NATIONALUM,45.8,44.6,1.2000008
NATNLSTEEL,1.8,1.8,0.0
NAUKRI,2849.85,2780,69.8501
NAVINFLUOR,1259,1210.15,48.849976
NAVKARCORP,30.4,28.7,1.6999989
NAVNETEDUL,96.85,95.25,1.5999985
NBCC,37.1,36.2,0.8999977
NBIFIN,1765,1618.1,146.90002
NBVENTURES,87.9,72.5,15.400002
NCC,58.3,57.5,0.79999924
NCLIND,95.95,93.1,2.8499985
NDGL,570.1,561,9.099976
NDL,33.6,32.05,1.5499992
NDTV,28.9,28.1,0.79999924
NECCLTD,6.05,5.7,0.35000038
NECLIFE,14.8,14.1,0.6999998
NELCAST,54.95,53.35,1.6000023
NELCO,234.75,230.15,4.600006
NEOGEN,392.5,370.1,22.399994
NESCO,745,735,10.0
NESTLEIND,15899.95,15440,459.9502
NETF,123.3,122.39,0.91000366
NETFCONSUM,55.55,54.29,1.2599983
NETFDIVOPP,29.76,29.51,0.25
NETFLTGILT,20.35,20.28,0.069999695
NETFMID150,67.99,67.2,0.7900009
NETFNIF100,126.88,125.68,1.199997
NETFNV20,59.48,58.83,0.6499977
NETWORK18,27.55,26.6,0.94999886
NEULANDLAB,489,455.05,33.950012
NEWGEN,241.55,228.1,13.449997
NEXTMEDIA,8.8,8.2,0.6000004
NFL,30.2,29.5,0.70000076
NH,389,366.8,22.200012
NHAI,1073.9,1071,2.9000244
NHAI,1186.5,1178.4,8.099976
NHAI,1298.5,1290,8.5
NHAI,1135,1134,1.0
NHAI,1199.99,1197.5,2.4899902
NHAI,1342.9,1126,216.90002
NHAI,1169.9,1130,39.900024
NHBTF2014,6575,6560,15.0
NHBTF2023,6578,6540,38.0
NHPC,27.75,26,1.75
NIACL,165,160,5.0
NIBL,5.95,5.85,0.099999905
NIFTYBEES,129.2,128.05,1.1499939
NIFTYEES,15716,15568,148.0
NIITLTD,101.5,100.15,1.3499985
NIITTECH,2042.55,1921,121.55005
NILAINFRA,5.8,5.35,0.4500003
NILASPACES,1.35,1.3,0.05000007
NILKAMAL,1469.75,1439.95,29.800049
NIPPOBATRY,524.45,516.25,8.200012
NITCO,30.2,28.95,1.25
NITINFIRE,0.4,0.35,0.050000012
NITINSPIN,60.9,57.05,3.8500023
NKIND,18.35,18.35,0.0
NLCINDIA,59.95,58.55,1.4000015
NMDC,125.95,121.5,4.449997
NOCIL,118.3,116.6,1.7000046
NOIDATOLL,3.65,3.4,0.25
NORBTEAEXP,3.85,3.85,0.0
NPBET,174.04,171.88,2.1599884
NRAIL,263,248.1,14.899994
NRBBEARING,101.7,99.25,2.449997
NSIL,786.65,751,35.650024
NTL,0.45,0.35,0.099999994
NTPC,114.9,111.75,3.1500015
NTPC,1143,1143,0.0
NTPC,1235,1235,0.0
NTPC,1349,1322,27.0
NTPC,13.98,13.81,0.16999912
NTPC,1105,1105,0.0
NTPC,1139,1139,0.0
NTPC,1201,1201,0.0
NUCLEUS,318.6,304.25,14.350006
NXTDIGITAL,397,375.2,21.799988
OAL,216.9,207.25,9.649994
OBEROIRLTY,559.15,542.2,16.950012
OCCL,1043.9,1020,23.900024
OFSS,2959.9,2878.05,81.84985
OIL,140.5,136.05,4.449997
OILCOUNTUB,5.6,5.5,0.099999905
OISL,3,2.85,0.1500001
OLECTRA,177.25,170.55,6.699997
OMAXAUTO,55,53,2.0
OMAXE,158.7,155.25,3.449997
OMKARCHEM,4.4,4.2,0.20000029
OMMETALS,24.2,23.6,0.6000004
ONELIFECAP,8.1,7.75,0.35000038
ONEPOINT,19.5,19,0.5
ONGC,118.15,116.45,1.7000046
ONMOBILE,30.2,29.4,0.80000114
ONWARDTEC,64.95,63.55,1.3999977
OPTIEMUS,30.9,29.5,1.3999996
OPTOCIRCUI,2.8,2.7,0.099999905
ORBTEXP,86.9,85.5,1.4000015
ORICONENT,19.8,19,0.79999924
ORIENTABRA,18,17.2,0.79999924
ORIENTALTL,10.45,9.5,0.9499998
ORIENTBANK,52.75,51.85,0.9000015
ORIENTBELL,132.65,126.2,6.449997
ORIENTCEM,85.9,83.05,2.8499985
ORIENTELEC,240.8,216.3,24.5
ORIENTHOT,33.55,32.5,1.0499992
ORIENTLTD,97.7,93.05,4.649994
ORIENTPPR,25.65,25.15,0.5
ORIENTREF,258,242.75,15.25
ORISSAMINE,1925,1786.7,138.30005
ORTEL,0.6,0.55,0.050000012
ORTINLABSS,9.75,9.2,0.5500002
OSWALAGRO,7.95,7.05,0.8999996
PAEL,2.95,2.8,0.1500001
PAGEIND,25399.2,24670,729.1992
PAISALO,301.3,280.1,21.199982
PALASHSECU,30.45,29.1,1.3500004
PALREDTEC,20.75,19.15,1.6000004
PANACEABIO,134.8,130,4.800003
PANACHE,67,65.25,1.75
PANAMAPET,67.9,65.4,2.5
PAPERPROD,256,249,7.0
PARABDRUGS,1.45,1.4,0.05000007
PARACABLES,9.1,8.15,0.95000076
PARAGMILK,146.95,143.05,3.899994
PARSVNATH,2.2,2.05,0.1500001
PASHUPATI,57.75,57.25,0.5
PATELENG,21.9,20.65,1.25
PATINTLOG,24.8,23.6,1.1999989
PATSPINLTD,4.25,4.25,0.0
PCJEWELLER,23.15,22.7,0.44999886
PDMJEPAPER,17,16.4,0.6000004
PDPL,2.75,2.65,0.099999905
PDSMFL,319.5,309,10.5
PEARLPOLY,17.25,16.45,0.79999924
PEL,1727.95,1687,40.94995
PENIND,26.3,25.7,0.5999985
PENINLAND,5.45,5.25,0.19999981
PENTAGOLD,23.7,23.7,0.0
PERSISTENT,737,694.15,42.849976
PETRONENGG,8,7.45,0.5500002
PETRONET,277.6,272.5,5.100006
PFC,119.5,116.6,2.9000015
PFC,1071.4,1070,1.4000244
PFC,1105.15,1105.15,0.0
PFC,1316.5,1314.99,1.5100098
PFIZER,4395,4286,109.0
PFOCUS,43.25,41.7,1.5499992
PFS,15.95,15.05,0.8999996
PGEL,77.6,74.8,2.7999954
PGHH,11250.5,10980,270.5
PGHL,4455,4388,67.0
PGIL,154,150.1,3.899994
PHILIPCARB,139.45,134.5,4.949997
PHOENIXLTD,862.5,828.5,34.0
PIDILITIND,1509.9,1466.2,43.700073
PIIND,1587.9,1522.05,65.849976
PILANIINVS,1790,1770.85,19.150024
PILITA,6.2,6,0.19999981
PIONDIST,136.9,126.55,10.349991
PIONEEREMB,31.95,30.6,1.3500004
PITTIENG,45.2,44,1.2000008
PKTEA,137.5,126.5,11.0
PLASTIBLEN,202.95,196.4,6.550003
PNB,61.5,60.8,0.70000076
PNBGILTS,28.35,28.1,0.25
PNBHOUSING,457.9,445,12.899994
PNC,16.6,16,0.6000004
PNCINFRA,205.35,193.25,12.100006
PODDARHOUS,299,291,8.0
PODDARMENT,196.6,185.1,11.5
POKARNA,115,108.15,6.8499985
POLYCAB,1010,981,29.0
POLYMED,312.3,257.3,55.0
POLYPLEX,582.95,567.55,15.400024
PONNIERODE,165,158.3,6.699997
POWERGRID,193.8,189.25,4.550003
POWERMECH,760,729.95,30.049988
PPAP,204.8,196,8.800003
PPL,64.9,62.5,2.4000015
PRABHAT,85.7,84.05,1.6499939
PRADIP,0.55,0.5,0.050000012
PRAENG,6.65,6.35,0.3000002
PRAJIND,116.45,114.15,2.2999954
PRAKASH,51.65,48.3,3.3500023
PRAKASHSTL,0.25,0.25,0.0
PRECAM,40.5,40,0.5
PRECOT,27.95,24.7,3.25
PRECWIRE,171,164.1,6.899994
PREMEXPLN,147.9,143,4.899994
PREMIER,2.2,2.1,0.10000014
PREMIERPOL,24.75,22.3,2.4500008
PRESSMN,27.55,26.4,1.1499996
PRESTIGE,388.75,375,13.75
PRICOLLTD,59.7,56.5,3.2000008
PRIMESECU,42.3,41.25,1.0499992
PRINCEPIPE,183.6,176.5,7.100006
PRITI,97,85,12.0
PROSEED,0.3,0.25,0.050000012
PROZONINTU,19.55,19,0.54999924
PRSMJOHNSN,72.4,70.65,1.75
PSB,19.9,19.55,0.35000038
PSL,0.5,0.45,0.050000012
PSPPROJECT,545,524,21.0
PSUBNKBEES,26.42,26.08,0.34000015
PTC,60.7,59.55,1.1500015
PTL,37.75,37.05,0.70000076
PUNJABCHEM,543.95,510,33.950012
PUNJLLOYD,1.15,1.05,0.100000024
PURVA,71.4,68.65,2.75
PUSHPREALM,5.9,5.9,0.0
PVR,1965,1934,31.0
QGOLDHALF,1767,1759,8.0
QNIFTY,1247,1247,0.0
QUESS,632,595,37.0
QUICKHEAL,133.2,130.4,2.800003
RADAAN,1.05,1.05,0.0
RADICO,399.1,382.8,16.300018
RADIOCITY,27.5,26.45,1.0499992
RAIN,117.8,114.1,3.7000046
RAJESHEXPO,729.95,715.75,14.200012
RAJRAYON,0.1,0.05,0.05
RAJSREESUG,22.45,20.5,1.9500008
RAJTV,46,41.9,4.0999985
RAJVIR,10.9,10.9,0.0
RALLIS,246.6,226.6,20.0
RAMANEWS,15.9,14.7,1.1999998
RAMASTEEL,54,49.5,4.5
RAMCOCEM,859.5,801.15,58.349976
RAMCOIND,208.75,197,11.75
RAMCOSYS,200.25,186.8,13.449997
RAMKY,34.8,31.65,3.1499996
RAMSARUP,0.4,0.4,0.0
RANASUG,6.05,5.55,0.5
RANEENGINE,261.35,237.1,24.25
RANEHOLDIN,819.05,775,44.049988
RATNAMANI,1232,1203.85,28.150024
RAYMOND,665.85,652.55,13.299988
RBL,626.9,596,30.900024
RBLBANK,343.75,334.2,9.549988
RCF,57.45,56.05,1.4000015
RCOM,0.85,0.75,0.100000024
RECLTD,147.9,144.95,2.949997
RECLTD,1110,1105.01,4.98999
RECLTD,1205.1,1203.5,1.5999756
RECLTD,1299,1299,0.0
RECLTD,1235.01,1235.01,0.0
REDINGTON,119.8,115.65,4.1500015
REFEX,54,52.55,1.4500008
REGENCERAM,1.3,1.3,0.0
RELAXO,724.7,714,10.700012
RELCAPITAL,9.55,8.85,0.6999998
RELIANCE,1494.4,1464.05,30.349976
RELIGARE,43.6,41,2.5999985
RELINFRA,22.95,22,0.95000076
RENUKA,8.15,7.75,0.39999962
REPCOHOME,343.05,328.8,14.25
REPL,39.9,37.9,2.0
REPRO,664.9,650,14.900024
RESPONIND,92.5,90.5,2.0
REVATHI,504.95,462.45,42.5
RGL,408,380,28.0
RHFL,1.6,1.6,0.0
RHFL,269,238.01,30.990005
RHFL,239.95,230,9.949997
RICOAUTO,46.3,45.3,1.0
RIIL,424.8,405.8,19.0
RITES,331,317.05,13.950012
RKDL,5.45,5.15,0.2999997
RKEC,60.5,58.5,2.0
RKFORGE,379.85,366,13.850006
RMCL,7.45,6.9,0.5499997
RMDRIP,28.15,28,0.14999962
RML,294.6,285,9.600006
RNAVAL,2.35,2.35,0.0
ROHITFERRO,0.5,0.45,0.050000012
ROHLTD,77.9,74.05,3.8499985
ROLLT,1.65,1.6,0.049999952
ROLTA,4.2,4,0.19999981
ROSSELLIND,76.3,72.2,4.100006
RPGLIFE,334.95,326,8.950012
RPOWER,1.85,1.85,0.0
RPPINFRA,67.6,66,1.5999985
RPPL,95.5,95.5,0.0
RSSOFTWARE,24.5,23,1.5
RSWM,102,97.6,4.4000015
RSYSTEMS,70.95,69.05,1.8999939
RTNINFRA,2.4,2.3,0.10000014
RTNPOWER,1.85,1.8,0.05000007
RUBYMILLS,220,214,6.0
RUCHI,18.7,18.7,0.0
RUCHINFRA,2.8,2.8,0.0
RUCHIRA,83,79.2,3.800003
RUPA,227.4,220,7.399994
RUSHIL,149,144.1,4.899994
RVNL,29.2,27.25,1.9500008
SABTN,1.35,1.25,0.100000024
SADBHAV,130.25,126.35,3.9000015
SADBHIN,41.6,40.6,1.0
SAFARI,630,622,8.0
SAGARDEEP,76,70.2,5.800003
SAGCEM,561,536.1,24.900024
SAIL,48.45,47.45,1.0
SAKAR,65.3,61.1,4.2000046
SAKHTISUG,10,9.65,0.35000038
SAKSOFT,228.95,226,2.949997
SAKUMA,6.4,6.1,0.3000002
SALASAR,111.55,107,4.550003
SALONA,66.7,62.6,4.0999985
SALSTEEL,3.4,3.15,0.25
SALZERELEC,123.7,116,7.699997
SAMBHAAV,2.85,2.7,0.14999986
SANCO,14.3,12.8,1.5
SANDESH,649,632,17.0
SANDHAR,284.9,273.05,11.850006
SANGAMIND,61.45,58,3.4500008
SANGHIIND,41,40.05,0.95000076
SANGHVIFOR,19.25,18.15,1.1000004
SANGHVIMOV,96.8,93,3.800003
SANGINITA,179,177,2.0
SANOFI,6760,6703,57.0
SANWARIA,1.7,1.6,0.100000024
SARDAEN,242.95,225,17.949997
SAREGAMA,427.25,420,7.25
SARLAPOLY,25.8,24.6,1.1999989
SARVESHWAR,15.75,15.75,0.0
SASKEN,614.95,585,29.950012
SASTASUNDR,75.95,70.2,5.75
SATIA,108.7,96.8,11.899994
SATIN,240.9,237,3.899994
SBIETFQLTY,103.5,101.01,2.4899979
SBILIFE,1012.15,988,24.150024
SBIN,319.7,315.55,4.1500244
SBIN,11202.1,11182,20.09961
SBIN,11498,11340,158.0
SBIN,11116,11116,0.0
SCAPDVR,0.25,0.2,0.049999997
SCHAEFFLER,4724,4584.05,139.9502
SCHAND,92.5,89.2,3.300003
SCHNEIDER,86.7,82.5,4.199997
SCI,62.7,60.45,2.25
SDBL,110,107.15,2.8499985
SEAMECLTD,473.95,455,18.950012
SECURCRED,29.1,29.1,0.0
SELAN,150,145.2,4.800003
SELMCL,0.85,0.75,0.100000024
SEPOWER,2.4,2,0.4000001
SEQUENT,86.25,82.9,3.3499985
SERVOTECH,8.2,7.7,0.5
SESHAPAPER,173.95,166,7.949997
SETCO,14.7,14.2,0.5
SETF10GILT,187.71,183,4.7100067
SETFGOLD,3650,3620,30.0
SETFNIF50,125.51,124.65,0.8600006
SETFNIFBK,316,312.19,3.8099976
SETFNN50,299.95,297.75,2.2000122
SETUINFRA,0.9,0.8,0.099999964
SEYAIND,109,103.55,5.449997
SEZAL,1.55,1.55,0.0
SFL,1499,1452,47.0
SGBAUG24,3849.8,3807,42.80005
SGBAUG27,3805,3790,15.0
SGBDC27VII,3899,3800,99.0
SGBFEB24,3840,3781,59.0
SGBJ28VIII,4019,3900,119.0
SGBJAN26,3700,3700,0.0
SGBJUL25,3774,3735,39.0
SGBMAR24,3825,3775,50.0
SGBMAR25,3798,3780,18.0
SGBMAY25,3772.5,3757,15.5
SGBMAY26,3789.99,3789.99,0.0
SGBNOV23,3861,3820,41.0
SGBNOV24,3800,3775,25.0
SGBNOV25,3774.99,3600,174.98999
SGBNOV25VI,3720,3720,0.0
SGBNOV26,3802,3800,2.0
SGBOCT25,3815,3787.67,27.330078
SGBOCT25IV,3820,3810,10.0
SGBOCT26,3800,3800,0.0
SGBOCT27,3999,3760,239.0
SGBOCT27VI,3845,3611,234.0
SGBSEP24,3820,3801,19.0
SGBSEP27,3851,3850,1.0
SGL,7.3,6.85,0.4500003
SHAHALLOYS,9.7,9.2,0.5
SHAKTIPUMP,258.4,249.3,9.099991
SHALBY,120.8,101.3,19.5
SHALPAINTS,103.9,96,7.9000015
SHANKARA,401.8,390,11.799988
SHANTIGEAR,100.85,98.4,2.449997
SHARDACROP,254.95,235,19.949997
SHARDAMOTR,1021.35,1004.45,16.899963
SHARIABEES,264.42,263.88,0.54000854
SHEMAROO,168.8,162.85,5.949997
SHIL,166,156.7,9.300003
SHILPAMED,277.45,260,17.450012
SHIRPUR-G,18.15,16.45,1.6999989
SHIVAMAUTO,26,25.05,0.95000076
SHIVAMILLS,36.3,35,1.2999992
SHIVATEX,96,91.1,4.9000015
SHK,115.5,111.6,3.9000015
SHOPERSTOP,427.9,414.95,12.949982
SHREDIGCEM,30.5,29,1.5
SHREECEM,23780,23206.1,573.9004
SHREEPUSHK,115.95,108,7.949997
SHREERAMA,5.45,5.05,0.39999962
SHRENIK,40,37.2,2.7999992
SHREYANIND,118.9,116.1,2.800003
SHREYAS,91,84.2,6.800003
SHRIPISTON,704,691,13.0
SHRIRAMCIT,1398.95,1360,38.94995
SHRIRAMEPC,4.7,4.45,0.25
SHUBHLAXMI,43,40.85,2.1500015
SHYAMCENT,3.55,3.35,0.20000005
SHYAMTEL,8.05,8.05,0.0
SICAGEN,18,17.15,0.8500004
SICAL,12.4,11.35,1.0499992
SIEMENS,1539.4,1490.3,49.099976
SIGIND,21.6,21.15,0.45000076
SIL,12.6,11.9,0.70000076
SILINV,163.15,159,4.149994
SIMBHALS,8.25,7.9,0.3499999
SIMPLEXINF,40.75,40.75,0.0
SINTERCOM,81,80.7,0.30000305
SINTEX,0.85,0.8,0.050000012
SIRCA,281.4,270,11.399994
SIS,548.4,525,23.400024
SITINET,1.55,1.5,0.049999952
SIYSIL,230.9,224,6.899994
SJVN,26.2,25.75,0.45000076
SKFINDIA,2196,2140,56.0
SKIL,4.95,4.65,0.2999997
SKIPPER,46.15,45,1.1500015
SKMEGGPROD,35.7,34.5,1.2000008
SMARTLINK,84.95,83.55,1.3999939
SMLISUZU,587.95,566.15,21.799988
SMPL,0.15,0.1,0.050000004
SMSLIFE,274,268,6.0
SMSPHARMA,45.95,43.6,2.3500023
SMVD,8.55,8.55,0.0
SNOWMAN,43.2,42.85,0.3500023
SOBHA,443.4,438.15,5.25
SOFTTECH,61.9,61.85,0.05000305
SOLARA,454,430.3,23.700012
SOLARINDS,1280,1217.55,62.44995
SOMANYCERA,215.9,209.45,6.449997
SOMATEX,3.35,3.2,0.14999986
SOMICONVEY,15.9,14.8,1.0999994
SONAHISONA,15.9,14,1.8999996
SONAMCLOCK,37.8,37.8,0.0
SONATSOFTW,354,346.1,7.899994
SORILINFRA,127.45,117.9,9.549995
SOTL,892,877.65,14.349976
SOUTHBANK,11.05,10.85,0.19999981
SOUTHWEST,19.5,18.9,0.6000004
SPAL,218.2,213.95,4.25
SPANDANA,1130,1005,125.0
SPARC,204.4,196.4,8.0
SPECIALITY,66.4,63.25,3.1500015
SPENCERS,93.8,90.1,3.7000046
SPENTEX,0.35,0.3,0.049999982
SPIC,22.55,21.9,0.6499996
SPICEJET,100.75,98.7,2.050003
SPLIL,34.4,32.85,1.550003
SPMLINFRA,12.8,12.1,0.6999998
SPTL,1.15,1.05,0.100000024
SPYL,0.3,0.25,0.050000012
SREEL,183,176.55,6.449997
SREIBNPNCD,861,861,0.0
SREIBNPNCD,830,830,0.0
SREIBNPNCD,786.8,786.8,0.0
SREIBNPNCD,857.25,857.25,0.0
SREINFRA,10.5,10.1,0.39999962
SREINFRA,990,990,0.0
SREINFRA,905,865,40.0
SREINFRA,960,958.99,1.0100098
SRF,3803.85,3751,52.850098
SRHHYPOLTD,124,118.8,5.199997
SRIPIPES,202,187.5,14.5
SRTRANSFIN,1121,1084.8,36.19995
SRTRANSFIN,1119.6,1090,29.599976
SRTRANSFIN,1069.5,1065,4.5
SRTRANSFIN,1021.06,1020,1.0599976
SRTRANSFIN,999.95,987.25,12.700012
SRTRANSFIN,999.95,999.95,0.0
SRTRANSFIN,1034.9,1022,12.900024
SRTRANSFIN,1033.9,1030,3.9000244
SRTRANSFIN,1065,1035,30.0
SRTRANSFIN,1137.3,1137.3,0.0
SRTRANSFIN,1139.59,1139.05,0.539917
SRTRANSFIN,999.95,999.95,0.0
SRTRANSFIN,999.95,999.95,0.0
SRTRANSFIN,1015.8,986,29.799988
SRTRANSFIN,1019.6,998.39,21.20996
SRTRANSFIN,1020,1020,0.0
SRTRANSFIN,1112.75,1090,22.75
SRTRANSFIN,1111.95,1111.95,0.0
SRTRANSFIN,999.95,990,9.950012
SRTRANSFIN,999.95,983,16.950012
SRTRANSFIN,985,959.55,25.450012
SRTRANSFIN,990,987.99,2.0100098
SRTRANSFIN,1090,1062.75,27.25
SRTRANSFIN,1089.25,1089.25,0.0
SRTRANSFIN,999.95,999.95,0.0
SRTRANSFIN,999.95,999.95,0.0
SRTRANSFIN,999.95,999.95,0.0
SRTRANSFIN,1036.15,1035,1.1500244
SRTRANSFIN,1037,1037,0.0
SSINFRA,12.7,12.45,0.25
SSWL,776.15,751.3,24.850037
STAMPEDE,0.45,0.35,0.099999994
STAN,59.45,55.5,3.9500008
STAR,455.05,441.4,13.649994
STARCEMENT,90.3,88.1,2.2000046
STARPAPER,130,122.85,7.1500015
STCINDIA,48.75,46.65,2.0999985
STEELCITY,36.5,35.3,1.2000008
STEELXIND,27.7,25.65,2.0500011
STEL,70.85,68.2,2.6500015
STERTOOLS,228,219.95,8.050003
STINDIA,4.4,4,0.4000001
STRTECH,131.6,127.2,4.400009
SUBCAPCITY,8.4,8.4,0.0
SUBEX,6.4,6.25,0.1500001
SUBROS,272,255.6,16.399994
SUDARSCHEM,485,475.6,9.399994
SUJANAUNI,0.2,0.1,0.1
SUMEETINDS,1.85,1.8,0.05000007
SUMICHEM,221.2,211.15,10.050003
SUMIT,18.9,17.2,1.6999989
SUMMITSEC,440,418.05,21.950012
SUNCLAYLTD,2297.65,2230,67.6499
SUNDARAM,2,1.7,0.29999995
SUNDARMFIN,1669,1631.75,37.25
SUNDARMHLD,75,69.3,5.699997
SUNDRMBRAK,328.95,315,13.950012
SUNDRMFAST,524,511.1,12.899994
SUNFLAG,41.2,39.55,1.6500015
SUNPHARMA,456.75,449.45,7.299988
SUNTECK,404.9,395.25,9.649994
SUNTV,498,488,10.0
SUPERHOUSE,97.4,90,7.4000015
SUPERSPIN,3.7,3.55,0.1500001
SUPPETRO,189.9,186.4,3.5
SUPRAJIT,205,201.25,3.75
SUPREMEENG,28.5,23.6,4.8999996
SUPREMEIND,1364,1340.3,23.699951
SUPREMEINF,22.25,22.25,0.0
SURANASOL,9.1,8.5,0.6000004
SURANAT&P,4.55,4,0.5500002
SUREVIN,71.25,71.25,0.0
SURYALAXMI,21,20,1.0
SURYAROSNI,186.4,181.1,5.299988
SUTLEJTEX,35.5,34.1,1.4000015
SUVEN,21.2,21.2,0.0
SUZLON,2.5,2.4,0.099999905
SVLL,101.45,101.45,0.0
SWANENERGY,120,115,5.0
SWARAJENG,1300,1226,74.0
SWELECTES,152.9,144.05,8.849991
SWSOLAR,303.75,298,5.75
SYMPHONY,1284,1261.8,22.199951
SYNCOM,0.75,0.75,0.0
SYNDIBANK,26.75,25.65,1.1000004
SYNGENE,317.9,309.45,8.449982
TAINWALCHM,70.2,56.55,13.649998
TAJGVK,198,185,13.0
TAKE,100.6,98,2.5999985
TALBROAUTO,137.95,132.55,5.399994
TALWALKARS,3,2.85,0.1500001
TALWGYM,2.5,2.35,0.1500001
TANLA,80.3,75.95,4.350006
TARMAT,25.35,23.65,1.7000008
TASTYBITE,8569.95,8425,144.9502
TATACAPHSG,1003,1003,0.0
TATACAPHSG,1005,1005,0.0
TATACAPHSG,998.1,998,0.099975586
TATACAPHSG,1004.8,1004.8,0.0
TATACAPHSG,1000.28,1000.01,0.27001953
TATACHEM,771.15,751,20.150024
TATACOFFEE,107.8,102.6,5.2000046
TATACOMM,441.85,422.2,19.649994
TATAELXSI,961.9,925,36.900024
TATAGLOBAL,393.3,382.25,11.049988
TATAINVEST,893.95,875.1,18.850037
TATAMETALI,627,615,12.0
TATAMOTORS,188.9,178.55,10.349991
TATAMTRDVR,78,74.6,3.4000015
TATAPOWER,62,60.4,1.5999985
TATASTEEL,57.7,55.95,1.75
TATASTEEL,459.7,449.6,10.100006
TATASTLBSL,29.15,28.5,0.6499996
TATASTLLP,417.5,406.15,11.350006
TBZ,38.85,37.9,0.94999695
TCFSL,1030,1030,0.0
TCFSL,1038,1034.01,3.9899902
TCFSL,1047,1046,1.0
TCFSL,1162.05,1162.05,0.0
TCFSL,1039,1031,8.0
TCFSL,1046,1045,1.0
TCFSL,1050,1050,0.0
TCI,283.4,276.05,7.350006
TCIDEVELOP,360.45,350,10.450012
TCIEXP,863.85,838.95,24.899963
TCIFINANCE,8.4,8.05,0.34999943
TCNSBRANDS,615.95,592,23.950012
TCPLPACK,298,293.95,4.049988
TCS,2186.95,2150,36.94995
TDPOWERSYS,138.5,135.15,3.350006
TEAMLEASE,2607.2,2501,106.19995
TECHIN,2.7,2.7,0.0
TECHM,807.2,793.55,13.650024
TECHNOE,305,295.05,9.950012
TECHNOFAB,22.95,21.1,1.8500004
TEJASNET,86.65,82.15,4.5
TERASOFT,27.2,25.75,1.4500008
TEXINFRA,52.6,47,5.5999985
TEXMOPIPES,15.9,15.05,0.8499994
TEXRAIL,40.2,37.5,2.7000008
TFCILTD,74,69.5,4.5
TFL,4.85,4.45,0.4000001
TGBHOTELS,4.25,3.9,0.3499999
THANGAMAYL,378,363.3,14.700012
THEINVEST,125,116.05,8.949997
THEJO,500,500,0.0
THEMISMED,424,406.25,17.75
THERMAX,1078,1060.1,17.900024
THIRUSUGAR,3.9,3.9,0.0
THOMASCOOK,58,55.5,2.5
THOMASCOTT,4,4,0.0
THYROCARE,578,563,15.0
TI,18.55,16.9,1.6499996
TIDEWATER,4898,4750,148.0
TIIL,346.95,325.25,21.700012
TIINDIA,508.15,478.05,30.100006
TIJARIA,7.1,6.6,0.5
TIL,219.5,210.2,9.300003
TIMESGTY,35.7,29.3,6.4000015
TIMETECHNO,57.45,56,1.4500008
TIMKEN,1010.25,988.2,22.049988
TINPLATE,149.85,146.55,3.300003
TIPSINDLTD,115.9,106.05,9.849998
TIRUMALCHM,70.45,67.1,3.3499985
TIRUPATIFL,29.05,29.05,0.0
TITAN,1207.9,1181.6,26.300049
TMRVL,11.75,11.3,0.4499998
TNPETRO,41.9,40.05,1.8500023
TNPL,195.95,190.75,5.199997
TNTELE,1.05,1.05,0.0
TOKYOPLAST,77,74.15,2.8499985
TORNTPHARM,1956.3,1907,49.30005
TORNTPOWER,329,324.75,4.25
TOUCHWOOD,77.45,75,2.449997
TPLPLASTEH,141.65,131.35,10.299988
TRANSWIND,3.35,3.35,0.0
TREEHOUSE,5.7,5.45,0.25
TREJHARA,12.6,11.55,1.0500002
TRENT,600,578,22.0
TRF,120.4,116.25,4.1500015
TRIDENT,7.15,6.9,0.25
TRIGYN,49.3,47.15,2.1499977
TRIL,9.8,9.3,0.5
TRITURBINE,98.8,97.5,1.300003
TRIVENI,81.65,80,1.6500015
TTKHLTCARE,566,513,53.0
TTKPRESTIG,6061.45,5964.6,96.8501
TTL,46,44,2.0
TTML,2.5,2.35,0.1500001
TV18BRDCST,26.4,25.7,0.69999886
TVSELECT,112.4,106.15,6.25
TVSMOTOR,471.5,461.8,9.700012
TVSSRICHAK,1746.85,1701,45.849976
TVTODAY,252.05,247.95,4.100006
TVVISION,1.3,1.3,0.0
TWL,58.5,55.25,3.25
UBL,1297,1270,27.0
UCALFUEL,144.4,137.9,6.5
UCOBANK,15.95,15.75,0.19999981
UFLEX,219.95,214.25,5.699997
UFO,129.5,126.5,3.0
UGARSUGAR,15,14.5,0.5
UJAAS,5.2,5,0.19999981
UJJIVAN,379.4,369.4,10.0
UJJIVANSFB,55.75,54.8,0.95000076
ULTRACEMCO,4653.5,4559.5,94.0
UMANGDAIRY,48.25,46.85,1.4000015
UMESLTD,0.85,0.85,0.0
UNICHEMLAB,173.5,168.55,4.949997
UNIENTER,69.1,67.2,1.9000015
UNIINFO,29.85,28.8,1.0500011
UNIONBANK,51.95,51.2,0.75
UNIPLY,11.75,10.9,0.8500004
UNITECH,1.55,1.55,0.0
UNITEDBNK,9,8.9,0.10000038
UNITEDTEA,284.95,274.25,10.700012
UNITY,0.35,0.3,0.049999982
UNIVASTU,45.5,45.5,0.0
UNIVCABLES,181.7,173.3,8.399994
UPL,545.9,537.05,8.850037
URAVI,102.8,102.7,0.1000061
URJA,1.7,1.65,0.05000007
USHAMART,26.95,25.5,1.4500008
UTIFEFRGR4,10.05,10.05,0.0
UTINEXT50,297,291.95,5.049988
UTINIFTETF,1339.1,1284.21,54.890015
UTISENSETF,449.99,435.01,14.97998
UTISXN50,329,325.4,3.600006
UTTAMSTL,7.95,7.6,0.3499999
UTTAMSUGAR,118.3,112.2,6.100006
UVSL,0.1,0.05,0.05
V2RETAIL,111.2,103.25,7.949997
VADILALIND,864,847,17.0
VAIBHAVGBL,1008,982.5,25.5
VAISHALI,49.5,48,1.5
VAKRANGEE,53.5,50.25,3.25
VARDHACRLC,35.7,34.6,1.1000023
VARDMNPOLY,2.5,2.4,0.099999905
VARROC,491.7,481.05,10.650024
VASA,8.2,8.15,0.05000019
VASCONEQ,17.8,16.3,1.5
VASWANI,5.05,4.8,0.25
VBL,839.85,783.7,56.149963
VCL,23,20,3.0
VEDL,145.4,141.9,3.5
VENKEYS,1734,1701,33.0
VENUSREM,25.5,24.5,1.0
VERTOZ,85.35,85.35,0.0
VESUVIUS,1108.05,1084.65,23.400024
VETO,45.6,42.1,3.5
VGUARD,228.5,224.8,3.699997
VHL,1315,1296.05,18.949951
VICEROY,1.45,1.35,0.100000024
VIDEOIND,2.25,2.25,0.0
VIDHIING,69,67.05,1.949997
VIJIFIN,0.45,0.35,0.099999994
VIKASECO,2.65,2.55,0.10000014
VIKASMCORP,2.5,2.3,0.20000005
VIKASPROP,8.85,8.85,0.0
VIKASWSP,7.5,6.9,0.5999999
VIMALOIL,3.3,3.1,0.20000005
VIMTALABS,103.6,100.55,3.0499954
VINATIORGA,2324.9,2251,73.8999
VINDHYATEL,924.5,903,21.5
VINYLINDIA,67.75,64,3.75
VIPCLOTHNG,7.95,7.6,0.3499999
VIPIND,473,466.35,6.649994
VIPULLTD,25.7,24,1.7000008
VISAKAIND,284.95,280,4.950012
VISASTEEL,4.95,4.65,0.2999997
VISESHINFO,0.1,0.05,0.05
VISHAL,234,234,0.0
VISHNU,139.8,132.6,7.199997
VISHWARAJ,85.95,82.1,3.8499985
VIVIDHA,0.4,0.3,0.099999994
VIVIMEDLAB,13.4,12.8,0.5999994
VLSFINANCE,58.7,57,1.7000008
VMART,2025,1957,68.0
VOLTAMP,1316,1290.25,25.75
VOLTAS,718.4,704.6,13.800049
VRLLOG,289,280.3,8.700012
VSSL,80,72.55,7.449997
VSTIND,4579.85,4500,79.8501
VSTTILLERS,1358.9,1325.05,33.849976
VTL,1058.85,1021.8,37.049988
WABAG,224.3,214.45,9.850006
WABCOINDIA,6755.9,6643,112.8999
WALCHANNAG,71.1,68.6,2.5
WANBURY,20.45,19.6,0.8500004
WATERBASE,144.4,140.1,4.299988
WEBELSOLAR,31.1,29.05,2.0500011
WEIZFOREX,390,364,26.0
WEIZMANIND,28.85,26.55,2.3000011
WELCORP,179,174.1,4.899994
WELENT,83,80.3,2.699997
WELINV,190.05,185.2,4.850006
WELSPUNIND,47,45.05,1.9500008
WENDT,2700,2620.05,79.94995
WESTLIFE,444.9,433,11.899994
WHEELS,637.4,610,27.400024
WHIRLPOOL,2480.3,2413.15,67.15015
WILLAMAGOR,24.45,24.45,0.0
WINDMACHIN,25.05,23.1,1.9499989
WIPL,59,57,2.0
WIPRO,247.4,243.25,4.149994
WOCKPHARMA,355,340.25,14.75
WONDERLA,254.9,250,4.899994
WSI,1.5,1.5,0.0
WSTCSTPAPR,235.8,231.2,4.600006
XCHANGING,62,58.1,3.9000015
XELPMOC,75,63.35,11.650002
XPROINDIA,27.9,23,4.8999996
YESBANK,42.35,41,1.3499985
ZEEL,277.1,271.6,5.5
ZEEL,5.75,5.7,0.05000019
ZEELEARN,19.7,18.5,1.2000008
ZEEMEDIA,6.45,6,0.4499998
ZENITHBIR,0.45,0.45,0.0
ZENITHEXPO,45.25,43.1,2.1500015
ZENSARTECH,177.95,172,5.949997
ZENTEC,60.85,57,3.8499985
ZICOM,1.85,1.75,0.100000024
ZODIAC,20.5,20.5,0.0
ZODIACLOTH,189.1,176.6,12.5
ZODJRDMKJ,32.9,29.5,3.4000015
ZOTA,182.5,180,2.5
ZUARI,113.05,109.5,3.550003
ZUARIGLOB,57.5,56,1.5
ZYDUSWELL,1555,1515,40.0
